original_candidate_id,repaired_candidate_id,actions,before_rationale_edit_copy,after_rationale_edit_copy,before_rationale,after_rationale
rf-edit-0058::qwen3_8b::natural::evidence_canonicalized::structured_evidence_repaired,rf-edit-0058::qwen3_8b::natural::evidence_canonicalized::structured_evidence_repaired::targeted_repaired,appended_source_evidence_to_rationale;capped_confidence_at_0.8,False,False,"The edit adds the indefinite article 'a' before 'variety', which is stylistically preferred when referring to a general category rather than a specific instance. While the original sentence is grammatically correct without the article, adding 'a' makes the sentence more natural and idiomatic in standard English usage.","The edit adds the indefinite article 'a' before 'variety', which is stylistically preferred when referring to a general category rather than a specific instance. While the original sentence is grammatically correct without the article, adding 'a' makes the sentence more natural and idiomatic in standard English usage. The cited source evidence is ""buses"" as head noun."
rf-edit-0058::qwen3_8b::rule_grounded::evidence_canonicalized::structured_evidence_repaired,rf-edit-0058::qwen3_8b::rule_grounded::evidence_canonicalized::structured_evidence_repaired::targeted_repaired,appended_source_evidence_to_rationale;capped_confidence_at_0.8,False,False,"The original sentence begins with 'Variety', which is a non-count noun and does not require an article. Adding 'A' before 'variety' makes the noun phrase grammatically complete and more natural in standard English usage.","The original sentence begins with 'Variety', which is a non-count noun and does not require an article. Adding 'A' before 'variety' makes the noun phrase grammatically complete and more natural in standard English usage. The cited source evidence is ""buses"" as head noun."
rf-edit-0138::qwen3_8b::natural::evidence_canonicalized::structured_evidence_repaired,rf-edit-0138::qwen3_8b::natural::evidence_canonicalized::structured_evidence_repaired::targeted_repaired,appended_source_evidence_to_rationale;capped_confidence_at_0.8,False,False,"The addition of a comma after 'civilization' separates the introductory phrase from the main clause, improving clarity and adhering to standard punctuation rules. However, this edit is considered stylistic rather than grammatically necessary, as the sentence remains understandable without the comma.","The addition of a comma after 'civilization' separates the introductory phrase from the main clause, improving clarity and adhering to standard punctuation rules. However, this edit is considered stylistic rather than grammatically necessary, as the sentence remains understandable without the comma. The cited source evidence is ""civilization"" as modified token; ""Egyptian"" as noun number context; ""has"" as noun phrase context."
rf-edit-0138::qwen3_8b::rule_grounded::evidence_canonicalized::structured_evidence_repaired,rf-edit-0138::qwen3_8b::rule_grounded::evidence_canonicalized::structured_evidence_repaired::targeted_repaired,appended_source_evidence_to_rationale,False,False,"The edit adds a comma after 'civilization' to separate the introductory phrase from the main clause, which is a stylistic choice to improve readability and clarity. However, this comma is not strictly necessary for grammatical correctness, making the edit optional rather than mandatory.","The edit adds a comma after 'civilization' to separate the introductory phrase from the main clause, which is a stylistic choice to improve readability and clarity. However, this comma is not strictly necessary for grammatical correctness, making the edit optional rather than mandatory. The cited source evidence is ""civilization"" as modified token; ""Egyptian"" as noun number context; ""has"" as noun phrase context."
rf-edit-0255::qwen3_8b::natural::evidence_canonicalized::structured_evidence_repaired,rf-edit-0255::qwen3_8b::natural::evidence_canonicalized::structured_evidence_repaired::targeted_repaired,appended_source_evidence_to_rationale;capped_confidence_at_0.8,False,False,"The word 'sister' at the end of the first sentence is followed by a comma, which indicates the sentence is not yet complete. Adding a period after 'sister' would properly terminate the sentence, making it grammatically correct and stylistically appropriate.","The word 'sister' at the end of the first sentence is followed by a comma, which indicates the sentence is not yet complete. Adding a period after 'sister' would properly terminate the sentence, making it grammatically correct and stylistically appropriate. The cited source evidence is ""sister"" as modified token; ""little"" as noun number context; ""she"" as noun phrase context."
rf-edit-0255::qwen3_8b::rule_grounded::evidence_canonicalized::structured_evidence_repaired,rf-edit-0255::qwen3_8b::rule_grounded::evidence_canonicalized::structured_evidence_repaired::targeted_repaired,appended_source_evidence_to_rationale;capped_confidence_at_0.8,False,False,"The word 'sister' at the end of the first sentence is followed by a comma, which is incorrect because the sentence is complete. Adding a period after 'sister' would properly terminate the sentence.","The word 'sister' at the end of the first sentence is followed by a comma, which is incorrect because the sentence is complete. Adding a period after 'sister' would properly terminate the sentence. The cited source evidence is ""sister"" as modified token; ""little"" as noun number context; ""she"" as noun phrase context."
rf-edit-0276::qwen3_8b::natural::evidence_canonicalized::structured_evidence_repaired,rf-edit-0276::qwen3_8b::natural::evidence_canonicalized::structured_evidence_repaired::targeted_repaired,appended_source_evidence_to_rationale;capped_confidence_at_0.8,False,False,The article 'the' before 'latter half of the 20th century' is stylistically optional because the time period is clearly defined and widely understood in the context. Removing it results in a more concise and natural phrasing.,"The article 'the' before 'latter half of the 20th century' is stylistically optional because the time period is clearly defined and widely understood in the context. Removing it results in a more concise and natural phrasing. The cited source evidence is ""people"" as head noun."
rf-edit-0276::qwen3_8b::rule_grounded::evidence_canonicalized::structured_evidence_repaired,rf-edit-0276::qwen3_8b::rule_grounded::evidence_canonicalized::structured_evidence_repaired::targeted_repaired,appended_source_evidence_to_rationale;capped_confidence_at_0.8,False,False,The article 'the' is stylistically unnecessary before 'latter half of the 20th century' because it refers to a general time period rather than a specific instance. Removing 'the' makes the sentence more concise and natural in standard English usage.,"The article 'the' is stylistically unnecessary before 'latter half of the 20th century' because it refers to a general time period rather than a specific instance. Removing 'the' makes the sentence more concise and natural in standard English usage. The cited source evidence is ""people"" as head noun."
rf-edit-0035::qwen3_8b::rule_grounded::evidence_canonicalized::structured_evidence_repaired,rf-edit-0035::qwen3_8b::rule_grounded::evidence_canonicalized::structured_evidence_repaired::targeted_repaired,replaced_rationale_edit_copy;capped_confidence_at_0.8,True,False,The word 'peoples' is a plural noun and requires an apostrophe to indicate possession. The insertion of the apostrophe is a stylistic choice to ensure grammatical correctness in the possessive form.,"The cited source evidence is ""peoples"" as noun number context; ""lives"" as noun phrase context. This evidence supports the rule that Use an apostrophe to indicate possession in plural nouns."
rf-edit-0165::qwen3_8b::natural::evidence_canonicalized::structured_evidence_repaired,rf-edit-0165::qwen3_8b::natural::evidence_canonicalized::structured_evidence_repaired::targeted_repaired,replaced_rationale_edit_copy;capped_confidence_at_0.8,True,False,"The original sentence lacks an article before 'positive', making it grammatically incomplete. Inserting 'a' before 'positive' provides the necessary article to make the sentence grammatically correct and stylistically appropriate.","The cited source evidence is ""positive"" as head noun. This evidence supports the rule that Articles should be used to specify definiteness or indefiniteness in nouns."
rf-edit-0165::qwen3_8b::rule_grounded::evidence_canonicalized::structured_evidence_repaired,rf-edit-0165::qwen3_8b::rule_grounded::evidence_canonicalized::structured_evidence_repaired::targeted_repaired,replaced_rationale_edit_copy;capped_confidence_at_0.8,True,False,"The original sentence lacks an article before 'positive', which is a singular countable noun. Inserting 'a' makes the sentence grammatically complete and stylistically correct by adhering to standard article usage rules.","The cited source evidence is ""positive"" as head noun. This evidence supports the rule that Use of indefinite articles ('a', 'an') before singular countable nouns."
rf-edit-0265::qwen3_8b::rule_grounded::evidence_canonicalized::structured_evidence_repaired,rf-edit-0265::qwen3_8b::rule_grounded::evidence_canonicalized::structured_evidence_repaired::targeted_repaired,replaced_rationale_edit_copy;capped_confidence_at_0.8,True,False,"The original sentence uses 'is' with the plural subject 'our lives', which creates a subject-verb agreement error. The correct verb form should be 'are' to match the plural subject. Deleting 'is' removes the incorrect verb and allows the sentence to follow proper grammatical structure.","The cited source evidence is ""our"" as verb complement or time context. This evidence supports the rule that In the structure 'how different our lives are', the verb 'are' should be used instead of 'is' to maintain subject-verb agreement."
rf-edit-0267::qwen3_8b::natural::evidence_canonicalized::structured_evidence_repaired,rf-edit-0267::qwen3_8b::natural::evidence_canonicalized::structured_evidence_repaired::targeted_repaired,replaced_rationale_edit_copy;capped_confidence_at_0.8,True,False,The phrase 'as well as positive' lacks an article before the singular countable noun 'positive'. Inserting 'a' makes the sentence grammatically correct by providing the necessary article.,"The cited source evidence is ""positive"" as head noun. This evidence supports the rule that Use of articles (a/an) before singular countable nouns."
rf-edit-0277::qwen3_8b::natural::evidence_canonicalized::structured_evidence_repaired,rf-edit-0277::qwen3_8b::natural::evidence_canonicalized::structured_evidence_repaired::targeted_repaired,replaced_rationale_edit_copy;capped_confidence_at_0.8,True,False,"The noun 'streets' in this context likely refers to a general concept rather than a specific set of streets, but the insertion of 'the' makes the sentence more natural and grammatically polished by providing a definite reference.","The cited source evidence is ""streets"" as noun; ""streets"" as head noun. This evidence supports the rule that Nouns that refer to specific or general things should be preceded by articles like 'the' or 'a' when necessary."
rf-edit-0277::qwen3_8b::rule_grounded::evidence_canonicalized::structured_evidence_repaired,rf-edit-0277::qwen3_8b::rule_grounded::evidence_canonicalized::structured_evidence_repaired::targeted_repaired,replaced_rationale_edit_copy,True,False,"The insertion of 'the' before 'streets' is a stylistic choice to make the sentence more precise and natural, as 'streets' without an article can sound vague or incomplete in this context.","The cited source evidence is ""streets"" as head noun. This evidence supports the rule that Nouns that refer to specific or general things should be preceded by articles like 'the' or 'a'."
rf-edit-0284::qwen3_8b::natural::evidence_canonicalized::structured_evidence_repaired,rf-edit-0284::qwen3_8b::natural::evidence_canonicalized::structured_evidence_repaired::targeted_repaired,replaced_rationale_edit_copy;capped_confidence_at_0.8,True,False,"The edit replaces 'city' with 'city;' to insert a semicolon after the first clause, which is stylistically appropriate when joining two closely related independent clauses. However, this edit is optional as the original sentence could also be corrected by using a period or a comma with a conjunction.","The cited source evidence is ""city"" as modified token; ""partyies"" as noun number context; ""I"" as noun phrase context. This evidence supports the rule that Use semicolons to separate independent clauses when the clauses are closely related."
