candidate_id,dataset,sample_id,model_key,source,model_prediction,operation,edit_start,edit_end,source_text,target_text,edit_description,edit_validity,rule_text,evidence_spans_json,rationale,confidence,human_alignment_error,human_validity_error,human_wrong_rule,human_inapplicable_rule,human_missing_evidence,human_wrong_evidence,human_generic_explanation,human_edit_copy,human_semantic_distortion,human_unsupported_confidence,human_notes,human_decision
rf-edit-0026::qwen3_8b::natural::evidence_canonicalized,JFLEG,jfleg-dev-0012,gector_roberta_base,"It is true that consumers preffer to buy a product that has a lower price , but when international companies that has already the certification begins to send its market , people will preffer to consume theirs because the difference between prices is probbably not going to affect them to much .","It is true that consumers prefer to buy a product that has a lower price , but when international companies that have already the certification begin to send their market , people will prefer to consume theirs because the difference between prices is probably not going to affect them too much .",replace,28,29,its,their,Replace 'its' with 'their' to correctly refer to the plural subject 'international companies'.,valid,Pronouns must agree with their antecedents in number (singular/plural) and gender (if applicable).,"[{""end"": 29, ""role"": ""pronoun"", ""start"": 28, ""text"": ""its""}]",The pronoun 'its' is singular and does not match the plural antecedent 'international companies'. Replacing 'its' with 'their' ensures grammatical agreement between the subject and the possessive pronoun.,1.0,no,yes,yes,yes,yes,no,no,yes,yes,yes,"Codex prelabel from automatic diagnostics: validity_error, wrong_rule, inapplicable_rule, missing_evidence, edit_copy, ...",reject
rf-edit-0021::qwen3_8b::natural::evidence_canonicalized,JFLEG,jfleg-dev-0018,gector_roberta_base,"I was very fast , my best time was 5 5 seconds in 4 0 0 hundred meters is a good time in or country .","I was very fast . My best time was 5 5 5 seconds in 4 0 0 hundred meters , which is a good time in the country .",replace,23,24,or,the,Replace 'or' with 'the' to correct the definite article usage.,valid,Use 'the' before a noun when referring to a specific or previously mentioned entity.,"[{""end"": 25, ""role"": ""error"", ""start"": 23, ""text"": ""or country""}]","The phrase 'in or country' is grammatically incorrect because 'or' is a conjunction, not an article. The correct article to use before 'country' is 'the', as it refers to a specific country (likely the speaker's own country) in the context.",0.95,no,yes,yes,yes,yes,no,no,yes,yes,yes,"Codex prelabel from automatic diagnostics: validity_error, wrong_rule, inapplicable_rule, missing_evidence, edit_copy, ...",reject
rf-edit-0021::qwen3_8b::rule_grounded::evidence_canonicalized,JFLEG,jfleg-dev-0018,gector_roberta_base,"I was very fast , my best time was 5 5 seconds in 4 0 0 hundred meters is a good time in or country .","I was very fast . My best time was 5 5 5 seconds in 4 0 0 hundred meters , which is a good time in the country .",replace,23,24,or,the,Replace 'or' with 'the' to correct the definite article usage.,valid,Use 'the' before a noun when referring to a specific or previously mentioned entity.,"[{""end"": 25, ""role"": ""error_span"", ""start"": 22, ""text"": ""in or country""}]",The word 'or' is incorrect in this context because it is not a determiner. The correct definite article 'the' should be used before 'country' to indicate a specific reference.,1.0,no,yes,yes,yes,yes,no,no,yes,yes,yes,"Codex prelabel from automatic diagnostics: validity_error, wrong_rule, inapplicable_rule, missing_evidence, edit_copy, ...",reject
rf-edit-0026::qwen3_8b::rule_grounded::evidence_canonicalized,JFLEG,jfleg-dev-0012,gector_roberta_base,"It is true that consumers preffer to buy a product that has a lower price , but when international companies that has already the certification begins to send its market , people will preffer to consume theirs because the difference between prices is probbably not going to affect them to much .","It is true that consumers prefer to buy a product that has a lower price , but when international companies that have already the certification begin to send their market , people will prefer to consume theirs because the difference between prices is probably not going to affect them too much .",replace,28,29,its,their,Replace 'its' with 'their' to correctly refer to the plural subject 'international companies'.,valid,Pronouns must agree with their antecedents in number (singular/plural) and gender (if applicable).,"[{""end"": 20, ""role"": ""antecedent"", ""start"": 18, ""text"": ""international companies""}, {""end"": 29, ""role"": ""pronoun"", ""start"": 28, ""text"": ""its""}]","The pronoun 'its' is singular and does not agree with the plural antecedent 'international companies'. The correct pronoun to use in this context is 'their', which agrees in number with the plural subject.",1.0,no,yes,yes,yes,no,no,no,yes,yes,yes,"Codex prelabel from automatic diagnostics: validity_error, wrong_rule, inapplicable_rule, edit_copy, semantic_distortion, ...",reject
rf-edit-0033::qwen3_8b::natural::evidence_canonicalized,EXPECT,expect-test-00040,gector_roberta_base,"I think about transport that the government should help the public transport , for example buses , train , the metro and more , for a single reason : the quality of life against the pollution .","I think about transport that the government should help public transport , for example buses , trains , the metro and more , for a single reason : the quality of life against pollution .",delete,34,35,the,,Delete the article 'the' before 'pollution'.,stylistic,Articles like 'the' may be omitted when they are redundant or when the noun phrase is clearly understood without them.,[],"The article 'the' before 'pollution' is stylistically unnecessary because it is already clear from context that the comparison is between quality of life and pollution, without requiring a definite article. Removing 'the' makes the sentence more concise and natural.",0.9,no,no,no,no,yes,no,no,yes,no,yes,"Codex prelabel from automatic diagnostics: missing_evidence, edit_copy, unsupported_confidence.",refine
rf-edit-0092::qwen3_8b::natural::evidence_canonicalized,EXPECT,expect-test-00008,gector_roberta_base,"I 'd like to tell you about my favorite restaurant its name is "" Lemon "" I go there every week it has different food to other restaurants I 'd like chicken crispy with garlic sauce It 's an Excellent choice for me and My favorite appitizer is susage and in order that dessert I 'd like "" Vadge "" cake with chocolate sauce I feel at ease when I go there I enjoy classical music while having lunch about the service It 's very good and all the staff are respectable I ca n't imagine one week without going there that would drive me nuts I advise everyone to go there and enjoy their time there , also this restaurant has a relative advantage in hygiene really It 's excellent The striking thing for anyone despite all of these advantages the prices are not expensive .","I 'd like to tell you about my favorite restaurant . Its name is "" Lemon "" . I go there every week . It has different food than other restaurants . I 'd like chicken crispy with garlic sauce . It 's an excellent choice for me and my favorite appitizer is susage and for dessert , I 'd like "" Vadge "" cake with chocolate sauce . I feel at ease when I go there I enjoy classical music while having lunch about the service It 's very good and all the staff are respectable I ca n't imagine one week without going there that would drive me nuts I advise everyone to go there and enjoy their time there , also this restaurant has a relative advantage in hygiene really It 's excellent The striking thing for anyone despite all of these advantages the prices are not expensive .",replace,25,26,to,than,Replace 'to' with 'than' in the phrase 'different food to other restaurants',valid,Use 'than' to compare two things.,"[{""end"": 28, ""role"": ""error"", ""start"": 21, ""text"": ""it has different food to other restaurants""}]","The original sentence uses 'to' in the phrase 'different food to other restaurants', which is incorrect. The correct comparative conjunction to use in this context is 'than', making the sentence grammatically accurate by comparing the food at the restaurant to that of other restaurants.",0.95,no,yes,yes,yes,yes,no,no,yes,yes,yes,"Codex prelabel from automatic diagnostics: validity_error, wrong_rule, inapplicable_rule, missing_evidence, edit_copy, ...",reject
rf-edit-0092::qwen3_8b::rule_grounded::evidence_canonicalized,EXPECT,expect-test-00008,gector_roberta_base,"I 'd like to tell you about my favorite restaurant its name is "" Lemon "" I go there every week it has different food to other restaurants I 'd like chicken crispy with garlic sauce It 's an Excellent choice for me and My favorite appitizer is susage and in order that dessert I 'd like "" Vadge "" cake with chocolate sauce I feel at ease when I go there I enjoy classical music while having lunch about the service It 's very good and all the staff are respectable I ca n't imagine one week without going there that would drive me nuts I advise everyone to go there and enjoy their time there , also this restaurant has a relative advantage in hygiene really It 's excellent The striking thing for anyone despite all of these advantages the prices are not expensive .","I 'd like to tell you about my favorite restaurant . Its name is "" Lemon "" . I go there every week . It has different food than other restaurants . I 'd like chicken crispy with garlic sauce . It 's an excellent choice for me and my favorite appitizer is susage and for dessert , I 'd like "" Vadge "" cake with chocolate sauce . I feel at ease when I go there I enjoy classical music while having lunch about the service It 's very good and all the staff are respectable I ca n't imagine one week without going there that would drive me nuts I advise everyone to go there and enjoy their time there , also this restaurant has a relative advantage in hygiene really It 's excellent The striking thing for anyone despite all of these advantages the prices are not expensive .",replace,25,26,to,than,Replace 'to' with 'than' in the phrase 'different food to other restaurants',valid,"Use 'than' to compare two things, such as 'different from' or 'more than'.","[{""end"": 28, ""role"": ""error"", ""start"": 21, ""text"": ""it has different food to other restaurants""}]","The original sentence uses 'to' incorrectly in the phrase 'different food to other restaurants'. The correct comparative conjunction is 'than', which is used to compare two things. This edit corrects the grammatical structure by replacing 'to' with 'than'.",0.95,no,yes,yes,yes,yes,no,no,yes,yes,yes,"Codex prelabel from automatic diagnostics: validity_error, wrong_rule, inapplicable_rule, missing_evidence, edit_copy, ...",reject
rf-edit-0114::qwen3_8b::rule_grounded::evidence_canonicalized,JFLEG,jfleg-dev-0035,gector_roberta_base,"If every people thinks to learn and understand lots of scientifc subjects , any person will do not do it and as a result of this any science is n't imporeved .","If everybody thinks about learning and understanding lots of scientific subjects , people will not do it and , as a result of this , any science will n't improve .",replace,7,8,understand,understanding,Replace 'understand' with 'ing' form 'understanding',stylistic,Use noun forms in parallel structures for consistency and grammatical correctness.,"[{""end"": 8, ""role"": ""target"", ""start"": 7, ""text"": ""understand""}]","The verb 'understand' is replaced with its noun form 'understanding' to maintain parallelism with 'learning', which is already in the noun form. This creates a more consistent and grammatically balanced structure in the sentence.",0.9,no,no,no,no,yes,yes,no,yes,no,yes,"Codex prelabel from automatic diagnostics: missing_evidence, wrong_evidence, edit_copy, unsupported_confidence.",refine
rf-edit-0151::qwen3_8b::natural::evidence_canonicalized,EXPECT,expect-test-00036,t5_base_grammar,public transportation . day by day folk are more crazy about own vehicles which leads dark future for public transportation,"Public transportation. Day by day people are more crazy about own vehicles, which leads to a dark future for public transportation.",insert,15,15,,to a,Inserting 'to a' after 'leads' to complete the prepositional phrase,valid,A preposition such as 'lead to' requires a complement (noun phrase) to complete its meaning.,"[{""end"": 17, ""role"": ""affected_span"", ""start"": 14, ""text"": ""leads dark future""}]","The original sentence contains an incomplete prepositional phrase 'leads dark future'. The verb 'lead' in this context requires the preposition 'to' followed by a noun phrase. Inserting 'to a' completes the phrase correctly as 'leads to a dark future', making the sentence grammatically accurate.",0.95,no,yes,yes,yes,no,no,no,yes,yes,yes,"Codex prelabel from automatic diagnostics: validity_error, wrong_rule, inapplicable_rule, edit_copy, semantic_distortion, ...",reject
rf-edit-0151::qwen3_8b::rule_grounded::evidence_canonicalized,EXPECT,expect-test-00036,t5_base_grammar,public transportation . day by day folk are more crazy about own vehicles which leads dark future for public transportation,"Public transportation. Day by day people are more crazy about own vehicles, which leads to a dark future for public transportation.",insert,15,15,,to a,Inserting 'to a' after 'leads' to complete the prepositional phrase,valid,A preposition such as 'lead to' requires a complement (noun phrase) to complete its meaning.,"[{""end"": 17, ""role"": ""affected_span"", ""start"": 14, ""text"": ""leads dark future""}]","The original sentence contains an incomplete prepositional phrase 'leads dark future'. The verb 'lead' in this context requires the preposition 'to' followed by a noun phrase. Inserting 'to a' completes the phrase correctly as 'leads to a dark future', making the sentence grammatically accurate.",0.95,no,yes,yes,yes,no,no,no,yes,yes,yes,"Codex prelabel from automatic diagnostics: validity_error, wrong_rule, inapplicable_rule, edit_copy, semantic_distortion, ...",reject
rf-edit-0170::qwen3_8b::natural::evidence_canonicalized,EXPECT,expect-test-00005,t5_base_grammar,They were planning to steal a very precious thing from Museum tonight .,"Then, they were planning to steal a very precious thing from the museum tonight.",insert,10,10,,the,Inserting 'the' before 'museum' to specify which museum is being referred to.,valid,"Definite articles ('the') should be used when referring to specific, known entities.","[{""end"": 11, ""role"": ""noun"", ""start"": 10, ""text"": ""Museum""}]","The noun 'Museum' in the original sentence is used without an article, which makes it unclear whether it refers to a specific museum or a general concept. Adding 'the' clarifies that the sentence is referring to a particular museum, making the sentence more precise and grammatically correct.",0.95,no,yes,yes,yes,no,no,no,yes,yes,yes,"Codex prelabel from automatic diagnostics: validity_error, wrong_rule, inapplicable_rule, edit_copy, semantic_distortion, ...",reject
rf-edit-0170::qwen3_8b::rule_grounded::evidence_canonicalized,EXPECT,expect-test-00005,t5_base_grammar,They were planning to steal a very precious thing from Museum tonight .,"Then, they were planning to steal a very precious thing from the museum tonight.",insert,10,10,,the,Inserting 'the' before 'museum' to specify which museum is being referred to.,valid,"Definite articles ('the') should be used when referring to specific, known entities.","[{""end"": 11, ""role"": ""noun"", ""start"": 10, ""text"": ""Museum""}]","The noun 'Museum' in the original sentence is used without an article, which makes it unclear which specific museum is being referenced. Adding 'the' clarifies that the sentence is referring to a particular, known museum.",0.95,no,yes,yes,yes,no,no,no,yes,yes,yes,"Codex prelabel from automatic diagnostics: validity_error, wrong_rule, inapplicable_rule, edit_copy, semantic_distortion, ...",reject
rf-edit-0248::qwen3_8b::natural::evidence_canonicalized,EXPECT,expect-test-00008,coedit_large,"I 'd like to tell you about my favorite restaurant its name is "" Lemon "" I go there every week it has different food to other restaurants I 'd like chicken crispy with garlic sauce It 's an Excellent choice for me and My favorite appitizer is susage and in order that dessert I 'd like "" Vadge "" cake with chocolate sauce I feel at ease when I go there I enjoy classical music while having lunch about the service It 's very good and all the staff are respectable I ca n't imagine one week without going there that would drive me nuts I advise everyone to go there and enjoy their time there , also this restaurant has a relative advantage in hygiene really It 's excellent The striking thing for anyone despite all of these advantages the prices are not expensive .","I 'd like to tell you about my favorite restaurant. It 's called "" Lemon "". I go there every week. It has different food than other restaurants. I 'd like chicken crispy with garlic sauce. It 's an excellent choice for me, and my favorite appitizer is sausage, and in order for dessert, I 'd like "" Vadge "" cake with chocolate sauce. I feel at ease when I go there. I enjoy classical music while having lunch, and the service is very good and all the staff are respectable. I can n't imagine one week without",replace,10,12,its name,It,Replace 'its name' with 'It',stylistic,Use a pronoun reference that clearly refers to the previously mentioned noun.,"[{""end"": 16, ""role"": ""original"", ""start"": 10, ""text"": ""its name is \"" Lemon \""""}, {""end"": 16, ""role"": ""modified"", ""start"": 10, ""text"": ""its name is \"" Lemon \""""}]","Replacing 'its name' with 'It' improves clarity by directly referring to the restaurant, which was previously introduced. This avoids ambiguity and makes the sentence more concise and natural.",0.95,no,no,no,no,yes,yes,no,yes,no,yes,"Codex prelabel from automatic diagnostics: missing_evidence, wrong_evidence, edit_copy, unsupported_confidence.",refine
rf-edit-0163::qwen3_8b::rule_grounded::evidence_canonicalized,EXPECT,expect-test-00013,t5_base_grammar,Computers have had a most significant impact on the people in the latter 1/2 of the 20th century .,Using the Internet for the first time since the beginning of the 20th century.,replace,7,8,on,for,Replace 'on' with 'for' in the phrase 'have had a most significant impact on the people',acceptable_alternative,"Use 'for' to indicate the purpose or reason of an action, while 'on' is used for topics or subjects.","[{""end"": 10, ""role"": ""original"", ""start"": 1, ""text"": ""have had a most significant impact on the people""}, {""end"": 13, ""role"": ""modified"", ""start"": 7, ""text"": ""on the people in the latter""}]","The original sentence uses 'on' which typically indicates a topic or subject, but the intended meaning seems to be about the purpose or reason of the impact. Replacing 'on' with 'for' better conveys that the impact was directed towards the people for a specific purpose, making the sentence more semantically accurate.",0.85,no,no,no,no,yes,yes,no,yes,no,yes,"Codex prelabel from automatic diagnostics: missing_evidence, wrong_evidence, edit_copy, unsupported_confidence.",refine
rf-edit-0191::qwen3_8b::natural::evidence_canonicalized,JFLEG,jfleg-dev-0022,t5_base_grammar,Students can focus on only a few subjects they are intwerested in and they will become an experts in those areas .,Students can focus on only a few subjects they are interested in and they will become experts in those areas.,delete,16,17,an,,Delete the article 'an' before 'experts',stylistic,Articles like 'a' or 'an' may be omitted when the noun they precede is clearly defined or when the context makes the noun's presence clear.,"[{""end"": 21, ""role"": ""original"", ""start"": 12, ""text"": ""and they will become an experts in those areas""}, {""end"": 18, ""role"": ""modified"", ""start"": 16, ""text"": ""an experts""}]",The article 'an' is unnecessary before the plural noun 'experts' because the subject 'students' and the verb 'become' make it clear that the noun is plural. Removing 'an' results in more concise and natural phrasing.,0.95,no,no,no,no,yes,yes,no,yes,no,yes,"Codex prelabel from automatic diagnostics: missing_evidence, wrong_evidence, edit_copy, unsupported_confidence.",refine
rf-edit-0191::qwen3_8b::rule_grounded::evidence_canonicalized,JFLEG,jfleg-dev-0022,t5_base_grammar,Students can focus on only a few subjects they are intwerested in and they will become an experts in those areas .,Students can focus on only a few subjects they are interested in and they will become experts in those areas.,delete,16,17,an,,Delete the article 'an' before 'experts',stylistic,Avoid unnecessary articles when the noun is clearly defined or when the context makes the article redundant.,"[{""end"": 21, ""role"": ""original"", ""start"": 13, ""text"": ""they will become an experts in those areas""}, {""end"": 18, ""role"": ""modified"", ""start"": 16, ""text"": ""an experts""}]",The article 'an' is unnecessary before the plural noun 'experts' because 'experts' is already plural and does not require an article. Removing 'an' improves clarity and conciseness without altering the meaning.,0.95,no,no,no,no,yes,yes,no,yes,no,yes,"Codex prelabel from automatic diagnostics: missing_evidence, wrong_evidence, edit_copy, unsupported_confidence.",refine
rf-edit-0052::qwen3_8b::rule_grounded::evidence_canonicalized,JFLEG,jfleg-dev-0017,gector_roberta_base,because they spent time unmeaningful subjects .,because they spent time on important subjects .,replace,4,5,unmeaningful,on important,Replace 'unmeaningful' with 'on important',invalid,A subject complement should follow a linking verb and provide information about the subject.,"[{""end"": 6, ""role"": ""original"", ""start"": 0, ""text"": ""because they spent time unmeaningful subjects""}]","The original phrase 'unmeaningful subjects' is grammatically incorrect because it lacks a preposition to connect 'time' with 'subjects'. The replacement 'on important subjects' introduces a preposition ('on') which is necessary for proper syntax, but the replacement of 'unmeaningful' with 'important' changes the meaning of the sentence in a way that is not logically consistent with the original intent. The edit is invalid because it alters the meaning of the sentence without justification.",0.95,no,no,no,no,yes,no,no,yes,no,yes,"Codex prelabel from automatic diagnostics: missing_evidence, edit_copy, unsupported_confidence.",refine
rf-edit-0081::qwen3_8b::rule_grounded::evidence_canonicalized,EXPECT,expect-test-00054,gector_roberta_base,He has ever been with me .,He has always been with me .,replace,2,3,ever,always,Replace 'ever' with 'always' in the sentence.,valid,Use 'always' to indicate a continuous state over time when expressing ongoing presence or action.,"[{""end"": 6, ""role"": ""error"", ""start"": 0, ""text"": ""He has ever been with me""}]","The word 'ever' is used to indicate a past occurrence, which does not fit the context of the sentence implying a continuous presence. 'Always' correctly conveys the idea of ongoing presence throughout time.",0.95,no,no,no,no,yes,no,no,yes,no,yes,"Codex prelabel from automatic diagnostics: missing_evidence, edit_copy, unsupported_confidence.",refine
rf-edit-0098::qwen3_8b::natural::evidence_canonicalized,JFLEG,jfleg-dev-0018,gector_roberta_base,"I was very fast , my best time was 5 5 seconds in 4 0 0 hundred meters is a good time in or country .","I was very fast . My best time was 5 5 5 seconds in 4 0 0 hundred meters , which is a good time in the country .",insert,9,9,,5,"Insert '5' at position [9,9)",invalid,"Numbers representing time should be written with proper formatting, including a decimal point for seconds.","[{""end"": 12, ""role"": ""original"", ""start"": 9, ""text"": ""5 5 seconds""}]","The original text contains '5 5 seconds', which is an incorrect representation of time. Inserting an additional '5' does not resolve the issue but instead creates an invalid format. The correct format would be '5.5 seconds' to indicate half a second.",0.95,no,no,no,no,yes,no,no,yes,no,yes,"Codex prelabel from automatic diagnostics: missing_evidence, edit_copy, unsupported_confidence.",refine
rf-edit-0098::qwen3_8b::rule_grounded::evidence_canonicalized,JFLEG,jfleg-dev-0018,gector_roberta_base,"I was very fast , my best time was 5 5 seconds in 4 0 0 hundred meters is a good time in or country .","I was very fast . My best time was 5 5 5 seconds in 4 0 0 hundred meters , which is a good time in the country .",insert,9,9,,5,"Insert '5' at position [9,9)",invalid,"Numbers representing time should be written with proper formatting, including decimal points where necessary.","[{""end"": 12, ""role"": ""original"", ""start"": 9, ""text"": ""5 5 seconds""}]","The original text contains '5 5 seconds', which is likely intended to represent a time measurement such as 5.5 seconds. However, the model's edit inserts an additional '5' without addressing the missing decimal point, resulting in an incorrect format. The correct format would be '5.5 seconds' rather than inserting another '5'.",0.95,no,no,no,no,yes,no,no,yes,no,yes,"Codex prelabel from automatic diagnostics: missing_evidence, edit_copy, unsupported_confidence.",refine
rf-edit-0199::qwen3_8b::natural::evidence_canonicalized,EXPECT,expect-test-00000,t5_base_grammar,"In my community , we are very interested at the environment and ecological things .","In my community, we are very interested in the environment and ecological things.",replace,8,9,at,in,Replace 'at' with 'in' after 'interested',valid,"The preposition 'in' is used to indicate interest in something, whereas 'at' is typically used with specific locations or points.","[{""end"": 11, ""role"": ""error"", ""start"": 7, ""text"": ""interested at the environment""}]","The phrase 'interested at' is grammatically incorrect when referring to interest in a subject like the environment. The correct preposition to use in this context is 'in', which indicates the object of interest.",0.95,no,no,no,no,yes,no,no,yes,no,yes,"Codex prelabel from automatic diagnostics: missing_evidence, edit_copy, unsupported_confidence.",refine
rf-edit-0199::qwen3_8b::rule_grounded::evidence_canonicalized,EXPECT,expect-test-00000,t5_base_grammar,"In my community , we are very interested at the environment and ecological things .","In my community, we are very interested in the environment and ecological things.",replace,8,9,at,in,Replace 'at' with 'in' after 'interested',valid,"The preposition 'in' is used to indicate interest in something, whereas 'at' is typically used with specific locations or points.","[{""end"": 11, ""role"": ""error_span"", ""start"": 7, ""text"": ""interested at the environment""}]","The phrase 'interested in' is a standard collocation used to express interest in a subject, such as the environment. The preposition 'at' is not appropriate here because it typically refers to specific locations or points rather than abstract concepts like the environment.",0.95,no,no,no,no,yes,no,no,yes,no,yes,"Codex prelabel from automatic diagnostics: missing_evidence, edit_copy, unsupported_confidence.",refine
rf-edit-0225::qwen3_8b::natural::evidence_canonicalized,JFLEG,jfleg-dev-0037,t5_base_grammar,Third the butt it in hte front of the door of store to make the poeple see it even if it is not good,"Third, they put it in front of the door of the store to make the people see it, even if it is not good.",replace,1,2,the,they,Replace 'the' with 'they' at the beginning of the sentence.,invalid,The subject and verb in a sentence must agree in number (singular/plural).,"[{""end"": 24, ""role"": ""original"", ""start"": 0, ""text"": ""Third the butt it in hte front of the door of store to make the poeple see it even if it is not good""}]","The original sentence starts with 'Third the', which is a grammatical error. The pronoun 'they' is needed to serve as the subject of the sentence, matching the verb 'put'. Replacing 'the' with 'they' corrects the subject-verb agreement but is not appropriate in this context because 'they' is not the subject of the sentence. The correct subject would be an implied action or entity, not the pronoun 'they'.",0.95,no,no,no,no,yes,no,no,yes,no,yes,"Codex prelabel from automatic diagnostics: missing_evidence, edit_copy, unsupported_confidence.",refine
rf-edit-0264::qwen3_8b::natural::evidence_canonicalized,EXPECT,expect-test-00000,coedit_large,"In my community , we are very interested at the environment and ecological things .","In my community, we are very interested in the environment and ecological things.",replace,8,9,at,in,Replace 'at' with 'in' after 'interested',valid,"The preposition 'in' is used to indicate interest in something, whereas 'at' is typically used with specific locations or points.","[{""end"": 11, ""role"": ""error"", ""start"": 7, ""text"": ""interested at the environment""}]","The phrase 'interested at' is grammatically incorrect when referring to interest in a subject like the environment. The correct preposition to use in this context is 'in', which indicates the object of interest.",0.95,no,no,no,no,yes,no,no,yes,no,yes,"Codex prelabel from automatic diagnostics: missing_evidence, edit_copy, unsupported_confidence.",refine
rf-edit-0264::qwen3_8b::rule_grounded::evidence_canonicalized,EXPECT,expect-test-00000,coedit_large,"In my community , we are very interested at the environment and ecological things .","In my community, we are very interested in the environment and ecological things.",replace,8,9,at,in,Replace 'at' with 'in' after 'interested',valid,"The preposition 'in' is used to indicate interest in something, whereas 'at' is typically used with specific locations or points.","[{""end"": 11, ""role"": ""error_span"", ""start"": 7, ""text"": ""interested at the environment""}]","The phrase 'interested in' is a standard collocation used to express interest in a subject, such as the environment. The preposition 'at' is not appropriate here because it typically refers to specific locations or points rather than abstract concepts like the environment.",0.95,no,no,no,no,yes,no,no,yes,no,yes,"Codex prelabel from automatic diagnostics: missing_evidence, edit_copy, unsupported_confidence.",refine
rf-edit-0074::qwen3_8b::rule_grounded::evidence_canonicalized,EXPECT,expect-test-00038,gector_roberta_base,"which play an important role to giving tough competition to the government . as a result of this consumer gets more benefits , like lower faire , privacy , freedom and safe travelling.in addition many automobile companies launcing new cars at affordable prices , which encourages people to use more and more private vechile .","which play an important role in giving tough competition to the government . As a result of this , consumers get more benefits , like lower faire , privacy , freedom and safe journeys . In addition , many automobile companies are launcing new cars at affordable prices , which encourages people to use more and more private vegetables .",insert,37,37,,are,Insert 'are' before 'launcing' to form the correct verb phrase 'are launcing'.,valid,A subject must agree with its verb in number (singular/plural).,"[{""end"": 38, ""role"": ""target"", ""start"": 34, ""text"": ""many automobile companies launcing""}]","The subject 'many automobile companies' is plural, so the verb should be 'are launcing' instead of just 'launcing' to maintain subject-verb agreement. This ensures grammatical correctness in the sentence structure.",0.95,no,yes,yes,yes,yes,yes,no,yes,yes,yes,"Codex prelabel from automatic diagnostics: validity_error, wrong_rule, inapplicable_rule, missing_evidence, wrong_evidence, ...",reject
rf-edit-0034::qwen3_8b::natural::evidence_canonicalized,JFLEG,jfleg-dev-0004,gector_roberta_base,"image you salf you are wark in factory just to do one thing like pot taire on car if they fire you you will destroy , becouse u dont know more than pot taire in car .","Imagine working in a factory just to do one thing , like potting taire on a car . If they fire you , you will destroy it , because you do know more than potting taire on a car .",replace,14,15,pot,potting,Replace 'pot' with 'potting' to correct the verb form.,valid,Use the correct verb form based on context and grammatical structure.,"[{""end"": 15, ""role"": ""error"", ""start"": 14, ""text"": ""pot""}]","The word 'pot' is a noun or a base form of the verb, but in this context, the correct form should be 'potting', which is the present participle form of the verb 'pot'. This form is necessary to describe the ongoing action of potting tires on a car.",0.95,no,yes,yes,yes,yes,no,no,yes,yes,yes,"Codex prelabel from automatic diagnostics: validity_error, wrong_rule, inapplicable_rule, missing_evidence, edit_copy, ...",reject
rf-edit-0034::qwen3_8b::rule_grounded::evidence_canonicalized,JFLEG,jfleg-dev-0004,gector_roberta_base,"image you salf you are wark in factory just to do one thing like pot taire on car if they fire you you will destroy , becouse u dont know more than pot taire in car .","Imagine working in a factory just to do one thing , like potting taire on a car . If they fire you , you will destroy it , because you do know more than potting taire on a car .",replace,14,15,pot,potting,Replace 'pot' with 'potting' to correct the verb form.,valid,Verbs should be correctly inflected to match the context and intended meaning.,"[{""end"": 15, ""role"": ""error"", ""start"": 14, ""text"": ""pot""}]","The word 'pot' is a base verb, but in this context, the correct form should be 'potting' to indicate the ongoing action of potting tires on a car. This change ensures grammatical accuracy and clarity.",0.95,no,yes,yes,yes,yes,no,no,yes,yes,yes,"Codex prelabel from automatic diagnostics: validity_error, wrong_rule, inapplicable_rule, missing_evidence, edit_copy, ...",reject
rf-edit-0107::qwen3_8b::natural::evidence_canonicalized,JFLEG,jfleg-dev-0004,gector_roberta_base,"image you salf you are wark in factory just to do one thing like pot taire on car if they fire you you will destroy , becouse u dont know more than pot taire in car .","Imagine working in a factory just to do one thing , like potting taire on a car . If they fire you , you will destroy it , because you do know more than potting taire on a car .",replace,32,33,pot,potting,Replace 'pot' with 'potting' to correct the verb form.,valid,Use the correct verb form based on context and grammatical structure.,"[{""end"": 33, ""role"": ""error"", ""start"": 32, ""text"": ""pot""}]","The word 'pot' is a base form of the verb, but in this context, the correct form should be 'potting', which is a present participle. This change ensures grammatical accuracy and clarity in describing the action of applying tires to a car.",0.95,no,yes,yes,yes,yes,no,no,yes,yes,yes,"Codex prelabel from automatic diagnostics: validity_error, wrong_rule, inapplicable_rule, missing_evidence, edit_copy, ...",reject
rf-edit-0107::qwen3_8b::rule_grounded::evidence_canonicalized,JFLEG,jfleg-dev-0004,gector_roberta_base,"image you salf you are wark in factory just to do one thing like pot taire on car if they fire you you will destroy , becouse u dont know more than pot taire in car .","Imagine working in a factory just to do one thing , like potting taire on a car . If they fire you , you will destroy it , because you do know more than potting taire on a car .",replace,32,33,pot,potting,Replace 'pot' with 'potting' to correct the verb form.,valid,Verbs should be correctly inflected to match context and meaning.,"[{""end"": 33, ""role"": ""error"", ""start"": 32, ""text"": ""pot""}]","The word 'pot' is a base form of the verb, but in this context, the correct form should be 'potting' to indicate the ongoing action of potting tires on a car. This aligns with standard English grammar rules regarding verb forms in participial phrases.",0.95,no,yes,yes,yes,yes,no,no,yes,yes,yes,"Codex prelabel from automatic diagnostics: validity_error, wrong_rule, inapplicable_rule, missing_evidence, edit_copy, ...",reject
rf-edit-0141::qwen3_8b::natural::evidence_canonicalized,JFLEG,jfleg-dev-0006,t5_base_grammar,"I want to talk about nocive or bad products like alcohol , hair spray and cigarrets .","I want to talk about harmful or bad products like alcohol, hair spray and cigarettes.",replace,5,6,nocive,harmful,Replace 'nocive' with 'harmful',valid,Use the correct spelling of words to ensure clarity and correctness in communication.,"[{""end"": 6, ""role"": ""error"", ""start"": 5, ""text"": ""nocive""}]","The word 'nocive' is not a standard English word. The intended word is likely 'harmful', which is a commonly used adjective to describe something that causes harm. Replacing 'nocive' with 'harmful' corrects the spelling and improves the clarity of the sentence.",0.95,no,yes,yes,yes,yes,no,no,yes,yes,yes,"Codex prelabel from automatic diagnostics: validity_error, wrong_rule, inapplicable_rule, missing_evidence, edit_copy, ...",reject
rf-edit-0035::qwen3_8b::rule_grounded::evidence_canonicalized,EXPECT,expect-test-00028,gector_roberta_base,A worldwide war is the only case in which we would see a dramatic change in peoples lives in the time length of 50 years from now .,A worldwide war is the only case in which we will see a dramatic change in peoples ' lives in 50 years from now .,insert,17,17,,',Insert an apostrophe after 'peoples' to form the possessive form 'peoples' correctly.,stylistic,Use an apostrophe to indicate possession in plural nouns.,"[{""end"": 17, ""role"": ""target"", ""start"": 16, ""text"": ""peoples""}]",The word 'peoples' is a plural noun and requires an apostrophe to indicate possession. The insertion of the apostrophe is a stylistic choice to ensure grammatical correctness in the possessive form.,0.95,no,no,no,no,yes,yes,no,yes,no,yes,"Codex prelabel from automatic diagnostics: missing_evidence, wrong_evidence, edit_copy, unsupported_confidence.",refine
rf-edit-0051::qwen3_8b::natural::evidence_canonicalized,EXPECT,expect-test-00018,gector_roberta_base,"I live in San Miguel Almoloyan , this is a village in the municipality of Almoloya de Juarez in the State of Mexico . Caring of the environment is very important and in my village they take different actions to care for it .",I live in San Miguel Almoloyan . This is a village in the municipality of Almoloya de Juarez in the State of Mexico . Caring for the environment is very important and in my village they take different actions to care for it .,replace,25,26,of,for,Replace 'of' with 'for' in the phrase 'Caring of the environment',valid,"The preposition 'for' is used to indicate purpose or relation to something, while 'of' indicates possession or composition.","[{""end"": 28, ""role"": ""target"", ""start"": 24, ""text"": ""Caring of the environment""}]","The phrase 'Caring of the environment' is grammatically incorrect because 'of' does not convey the intended relationship between the action (caring) and its object (the environment). The correct preposition to use here is 'for', which indicates purpose or relation to something.",0.95,no,no,no,no,yes,yes,no,yes,no,yes,"Codex prelabel from automatic diagnostics: missing_evidence, wrong_evidence, edit_copy, unsupported_confidence.",refine
rf-edit-0051::qwen3_8b::rule_grounded::evidence_canonicalized,EXPECT,expect-test-00018,gector_roberta_base,"I live in San Miguel Almoloyan , this is a village in the municipality of Almoloya de Juarez in the State of Mexico . Caring of the environment is very important and in my village they take different actions to care for it .",I live in San Miguel Almoloyan . This is a village in the municipality of Almoloya de Juarez in the State of Mexico . Caring for the environment is very important and in my village they take different actions to care for it .,replace,25,26,of,for,Replace 'of' with 'for' in the phrase 'Caring of the environment',valid,"The preposition 'for' is used to indicate purpose or relation to something, whereas 'of' indicates possession or composition.","[{""end"": 28, ""role"": ""target"", ""start"": 24, ""text"": ""Caring of the environment""}]","The phrase 'Caring of the environment' is grammatically incorrect because 'of' does not convey the intended relationship between the action (caring) and its target (the environment). The correct preposition to use here is 'for', which indicates purpose or relation.",0.95,no,no,no,no,yes,yes,no,yes,no,yes,"Codex prelabel from automatic diagnostics: missing_evidence, wrong_evidence, edit_copy, unsupported_confidence.",refine
rf-edit-0058::qwen3_8b::rule_grounded::evidence_canonicalized,EXPECT,expect-test-00061,gector_roberta_base,Variety of buses are provided by the government in order to meet people 's financial means .,A variety of buses are provided by the government in order to meet people 's financial means .,replace,0,1,Variety,A variety,Replace 'Variety' with 'A variety',stylistic,Use of definite or indefinite articles for noun phrases,"[{""end"": 1, ""role"": ""modified"", ""start"": 0, ""text"": ""Variety""}]","The original sentence begins with 'Variety', which is a non-count noun and does not require an article. Adding 'A' before 'variety' makes the noun phrase grammatically complete and more natural in standard English usage.",0.95,no,no,no,no,yes,yes,no,yes,no,yes,"Codex prelabel from automatic diagnostics: missing_evidence, wrong_evidence, edit_copy, unsupported_confidence.",refine
rf-edit-0074::qwen3_8b::natural::evidence_canonicalized,EXPECT,expect-test-00038,gector_roberta_base,"which play an important role to giving tough competition to the government . as a result of this consumer gets more benefits , like lower faire , privacy , freedom and safe travelling.in addition many automobile companies launcing new cars at affordable prices , which encourages people to use more and more private vechile .","which play an important role in giving tough competition to the government . As a result of this , consumers get more benefits , like lower faire , privacy , freedom and safe journeys . In addition , many automobile companies are launcing new cars at affordable prices , which encourages people to use more and more private vegetables .",insert,37,37,,are,Insert 'are' before 'launcing' to form the correct verb phrase 'are launcing'.,valid,The subject and verb must agree in number (singular/plural).,"[{""end"": 38, ""role"": ""source"", ""start"": 34, ""text"": ""many automobile companies launcing""}]","The subject 'many automobile companies' is plural, so the verb must also be plural. The original sentence used 'launcing' without a helping verb, which is incorrect. Inserting 'are' before 'launcing' ensures subject-verb agreement.",1.0,no,yes,yes,yes,yes,no,no,yes,yes,yes,"Codex prelabel from automatic diagnostics: validity_error, wrong_rule, inapplicable_rule, missing_evidence, edit_copy, ...",reject
rf-edit-0127::qwen3_8b::natural::evidence_canonicalized,EXPECT,expect-test-00018,t5_base_grammar,"I live in San Miguel Almoloyan , this is a village in the municipality of Almoloya de Juarez in the State of Mexico . Caring of the environment is very important and in my village they take different actions to care for it .","I live in San Miguel Almoloyan , this is a village in the municipality of Almoloya de Juarez in the State of Mexico . Caring for the environment is very important and in my village they take different actions to care for it.",replace,25,26,of,for,Replace 'of' with 'for' in the phrase 'Caring of the environment',valid,"The preposition 'for' is used to indicate purpose or relation to something, whereas 'of' indicates possession or composition.","[{""end"": 28, ""role"": ""target"", ""start"": 24, ""text"": ""Caring of the environment""}]","The phrase 'Caring of the environment' is grammatically incorrect because 'of' does not convey the intended relationship between the action (caring) and its object (the environment). The correct preposition to use here is 'for', which indicates purpose or relation to something.",0.95,no,no,no,no,yes,yes,no,yes,no,yes,"Codex prelabel from automatic diagnostics: missing_evidence, wrong_evidence, edit_copy, unsupported_confidence.",refine
rf-edit-0127::qwen3_8b::rule_grounded::evidence_canonicalized,EXPECT,expect-test-00018,t5_base_grammar,"I live in San Miguel Almoloyan , this is a village in the municipality of Almoloya de Juarez in the State of Mexico . Caring of the environment is very important and in my village they take different actions to care for it .","I live in San Miguel Almoloyan , this is a village in the municipality of Almoloya de Juarez in the State of Mexico . Caring for the environment is very important and in my village they take different actions to care for it.",replace,25,26,of,for,Replace 'of' with 'for' in the phrase 'Caring of the environment',valid,"The preposition 'for' is used to indicate purpose or benefit, while 'of' indicates possession or association.","[{""end"": 28, ""role"": ""target"", ""start"": 24, ""text"": ""Caring of the environment""}]","The phrase 'Caring of the environment' is grammatically incorrect because 'of' implies possession or association, which does not fit the context. The correct preposition is 'for', which indicates purpose or benefit. Therefore, replacing 'of' with 'for' improves the grammatical accuracy and clarity of the sentence.",0.95,no,no,no,no,yes,yes,no,yes,no,yes,"Codex prelabel from automatic diagnostics: missing_evidence, wrong_evidence, edit_copy, unsupported_confidence.",refine
rf-edit-0165::qwen3_8b::rule_grounded::evidence_canonicalized,EXPECT,expect-test-00009,t5_base_grammar,But such a high level of development of Egyptian civilization has a negative side as well as positive .,"There is a high level of development of Egyptian civilization, but there is a negative side as well as a positive side.",insert,17,17,,a,Inserting 'a' before 'positive' to complete the phrase 'as well as a positive side',stylistic,"Use of indefinite articles ('a', 'an') before singular countable nouns.","[{""end"": 18, ""role"": ""target"", ""start"": 14, ""text"": ""as well as positive""}]","The original sentence lacks an article before 'positive', which is a singular countable noun. Inserting 'a' makes the sentence grammatically complete and stylistically correct by adhering to standard article usage rules.",0.95,no,no,no,no,yes,yes,no,yes,no,yes,"Codex prelabel from automatic diagnostics: missing_evidence, wrong_evidence, edit_copy, unsupported_confidence.",refine
rf-edit-0207::qwen3_8b::natural::evidence_canonicalized,JFLEG,jfleg-dev-0014,t5_base_grammar,One person if do n't have good health that means so many things they could lost .,"One person if they don't have good health, that means so many things they could lose.",replace,3,4,do,they,Replace 'do' with 'they' to correct the subject-verb agreement and make the sentence grammatically correct.,valid,Subject-verb agreement requires the verb form to match the subject in number and person.,"[{""end"": 17, ""role"": ""source"", ""start"": 0, ""text"": ""One person if do n't have good health that means so many things they could lost .""}]",The original sentence contains a grammatical error where the subject 'one person' is incorrectly paired with the verb 'do'. Replacing 'do' with 'they' ensures proper subject-verb agreement and makes the sentence syntactically correct.,0.95,no,yes,yes,yes,yes,no,no,yes,yes,yes,"Codex prelabel from automatic diagnostics: validity_error, wrong_rule, inapplicable_rule, missing_evidence, edit_copy, ...",reject
rf-edit-0207::qwen3_8b::rule_grounded::evidence_canonicalized,JFLEG,jfleg-dev-0014,t5_base_grammar,One person if do n't have good health that means so many things they could lost .,"One person if they don't have good health, that means so many things they could lose.",replace,3,4,do,they,Replace 'do' with 'they' to correct the subject-verb agreement and make the sentence grammatically correct.,valid,A subject and its corresponding verb must agree in number (singular/plural) and person (first/second/third).,"[{""end"": 17, ""role"": ""source"", ""start"": 0, ""text"": ""One person if do n't have good health that means so many things they could lost .""}]",The original sentence contains a grammatical error where the subject 'One person' is paired with the incorrect verb 'do'. Replacing 'do' with 'they' ensures subject-verb agreement and creates a coherent conditional clause. This edit aligns with standard English grammar rules regarding subject-verb agreement and proper clause formation.,0.95,no,yes,yes,yes,yes,no,no,yes,yes,yes,"Codex prelabel from automatic diagnostics: validity_error, wrong_rule, inapplicable_rule, missing_evidence, edit_copy, ...",reject
rf-edit-0248::qwen3_8b::rule_grounded::evidence_canonicalized,EXPECT,expect-test-00008,coedit_large,"I 'd like to tell you about my favorite restaurant its name is "" Lemon "" I go there every week it has different food to other restaurants I 'd like chicken crispy with garlic sauce It 's an Excellent choice for me and My favorite appitizer is susage and in order that dessert I 'd like "" Vadge "" cake with chocolate sauce I feel at ease when I go there I enjoy classical music while having lunch about the service It 's very good and all the staff are respectable I ca n't imagine one week without going there that would drive me nuts I advise everyone to go there and enjoy their time there , also this restaurant has a relative advantage in hygiene really It 's excellent The striking thing for anyone despite all of these advantages the prices are not expensive .","I 'd like to tell you about my favorite restaurant. It 's called "" Lemon "". I go there every week. It has different food than other restaurants. I 'd like chicken crispy with garlic sauce. It 's an excellent choice for me, and my favorite appitizer is sausage, and in order for dessert, I 'd like "" Vadge "" cake with chocolate sauce. I feel at ease when I go there. I enjoy classical music while having lunch, and the service is very good and all the staff are respectable. I can n't imagine one week without",replace,10,12,its name,It,Replace 'its name' with 'It' to refer back to the restaurant.,stylistic,Use a pronoun to refer back to a previously mentioned noun to avoid repetition and improve clarity.,"[{""end"": 16, ""role"": ""source"", ""start"": 0, ""text"": ""I 'd like to tell you about my favorite restaurant its name is \"" Lemon \""""}, {""end"": 6, ""role"": ""target"", ""start"": 0, ""text"": ""I 'd like to tell you""}]","Replacing 'its name' with 'It' improves sentence flow by using a pronoun to refer back to the restaurant, which was previously introduced. This avoids redundancy and makes the sentence more concise and natural.",0.95,no,no,no,no,yes,yes,no,yes,no,yes,"Codex prelabel from automatic diagnostics: missing_evidence, wrong_evidence, edit_copy, unsupported_confidence.",refine
rf-edit-0267::qwen3_8b::rule_grounded::evidence_canonicalized,EXPECT,expect-test-00009,coedit_large,But such a high level of development of Egyptian civilization has a negative side as well as positive .,But such a high level of development of Egyptian civilization has a negative side as well as a positive side.,insert,17,17,,a,Inserting the article 'a' before 'positive side',stylistic,Nouns that are countable and not previously mentioned in the sentence should be preceded by an article (a/an).,"[{""end"": 18, ""role"": ""target"", ""start"": 17, ""text"": ""positive""}]","The noun 'side' is countable and refers to a specific concept ('positive side') that has not been introduced earlier in the sentence. Therefore, it should be preceded by the indefinite article 'a' to make the sentence grammatically correct and natural.",0.95,no,no,no,no,yes,yes,no,yes,no,yes,"Codex prelabel from automatic diagnostics: missing_evidence, wrong_evidence, edit_copy, unsupported_confidence.",refine
rf-edit-0163::qwen3_8b::natural::evidence_canonicalized,EXPECT,expect-test-00013,t5_base_grammar,Computers have had a most significant impact on the people in the latter 1/2 of the 20th century .,Using the Internet for the first time since the beginning of the 20th century.,replace,7,8,on,for,Replace 'on' with 'for' in the phrase 'have had a most significant impact on the people',acceptable_alternative,"Use 'for' to indicate the purpose or reason of an action, while 'on' typically indicates a topic or subject.","[{""end"": 8, ""role"": ""target"", ""start"": 7, ""text"": ""on""}]","The original sentence uses 'on' which implies a surface-level interaction, but the intended meaning is about the impact being directed towards the people. Replacing 'on' with 'for' better conveys that the impact was experienced by the people, aligning with the intended meaning.",0.85,no,no,no,no,yes,yes,no,yes,no,yes,"Codex prelabel from automatic diagnostics: missing_evidence, wrong_evidence, edit_copy, unsupported_confidence.",refine
rf-edit-0257::qwen3_8b::natural::evidence_canonicalized,EXPECT,expect-test-00001,coedit_large,"Technology has chanched people 's lives a lot . In fact we can think how different is our life compared either to our parents ' or our grandparents ' lives . For example my parents did n't watch tv , because there was n't any tv in the world when they were young.but that is n't the only difference : we can think about the mobile phone , the computer ed finally the internet.our grandparents could n't have imagined a strange machine like the computer in their lives .","Technology has changed people's lives a lot. In fact, we can think how different our lives are compared to either our parents' or our grandparents' lives. For example, my parents didn't watch tv because there wasn't any TV in the world when they were young. But that isn't the only difference: we can think about the mobile phone, the computer, and finally the internet. Our grandparents couldn't have imagined a strange machine like the computer in their lives.",replace,32,33,example,"example,","Replace 'example' with 'example,'",stylistic,A comma should follow 'example' when it is used as a standalone sentence or introductory phrase.,"[{""end"": 33, ""role"": ""source"", ""start"": 32, ""text"": ""example""}, {""end"": 33, ""role"": ""target"", ""start"": 32, ""text"": ""example""}]","The edit adds a comma after 'example' to improve clarity and punctuation consistency, which is a stylistic choice rather than a grammatical necessity. This is common in writing to separate examples from the main clause.",0.95,no,no,no,no,no,yes,no,yes,no,yes,"Codex prelabel from automatic diagnostics: wrong_evidence, edit_copy, unsupported_confidence.",refine
rf-edit-0257::qwen3_8b::rule_grounded::evidence_canonicalized,EXPECT,expect-test-00001,coedit_large,"Technology has chanched people 's lives a lot . In fact we can think how different is our life compared either to our parents ' or our grandparents ' lives . For example my parents did n't watch tv , because there was n't any tv in the world when they were young.but that is n't the only difference : we can think about the mobile phone , the computer ed finally the internet.our grandparents could n't have imagined a strange machine like the computer in their lives .","Technology has changed people's lives a lot. In fact, we can think how different our lives are compared to either our parents' or our grandparents' lives. For example, my parents didn't watch tv because there wasn't any TV in the world when they were young. But that isn't the only difference: we can think about the mobile phone, the computer, and finally the internet. Our grandparents couldn't have imagined a strange machine like the computer in their lives.",replace,32,33,example,"example,","Replace 'example' with 'example,'",stylistic,"When using 'example' as a standalone word in a sentence, a comma should follow it if it is followed by additional explanatory content.","[{""end"": 33, ""role"": ""target"", ""start"": 32, ""text"": ""example""}]","The edit adds a comma after 'example' to properly separate it from the following explanatory clause, which is a stylistic choice to improve readability and clarity.",0.95,no,no,no,no,no,yes,no,yes,no,yes,"Codex prelabel from automatic diagnostics: wrong_evidence, edit_copy, unsupported_confidence.",refine
rf-edit-0268::qwen3_8b::rule_grounded::evidence_canonicalized,EXPECT,expect-test-00001,coedit_large,"Technology has chanched people 's lives a lot . In fact we can think how different is our life compared either to our parents ' or our grandparents ' lives . For example my parents did n't watch tv , because there was n't any tv in the world when they were young.but that is n't the only difference : we can think about the mobile phone , the computer ed finally the internet.our grandparents could n't have imagined a strange machine like the computer in their lives .","Technology has changed people's lives a lot. In fact, we can think how different our lives are compared to either our parents' or our grandparents' lives. For example, my parents didn't watch tv because there wasn't any TV in the world when they were young. But that isn't the only difference: we can think about the mobile phone, the computer, and finally the internet. Our grandparents couldn't have imagined a strange machine like the computer in their lives.",replace,69,70,computer,"computer,","Replace 'computer' with 'computer,'",stylistic,"When listing items in a series, a comma should be placed after each item except the last one.","[{""end"": 75, ""role"": ""target"", ""start"": 69, ""text"": ""computer ed finally the internet.our grandparents""}]","The edit adds a comma after 'computer' to properly separate it from the next item in the list, which is 'and finally the internet'. This follows standard punctuation rules for lists with multiple items.",0.95,no,no,no,no,no,yes,no,yes,no,yes,"Codex prelabel from automatic diagnostics: wrong_evidence, edit_copy, unsupported_confidence.",refine
rf-edit-0277::qwen3_8b::rule_grounded::evidence_canonicalized,EXPECT,expect-test-00015,coedit_large,Technology will have advanced and maybe the cars will fly above streets and computers will have totally changed .,"Technology will have advanced, and maybe cars will fly above the streets, and computers will have totally changed.",insert,11,11,,the,Inserting 'the' before 'streets' to specify which streets are being referred to.,stylistic,Nouns that refer to specific or general things should be preceded by articles like 'the' or 'a'.,"[{""end"": 12, ""role"": ""target"", ""start"": 11, ""text"": ""streets""}]","The insertion of 'the' before 'streets' is a stylistic choice to make the sentence more precise and natural, as 'streets' without an article can sound vague or incomplete in this context.",0.85,no,no,no,no,yes,yes,no,yes,no,yes,"Codex prelabel from automatic diagnostics: missing_evidence, wrong_evidence, edit_copy, unsupported_confidence.",refine
rf-edit-0284::qwen3_8b::rule_grounded::evidence_canonicalized,EXPECT,expect-test-00017,coedit_large,"Sometimes we go to partyies in the city , I dance in the parties with my friends .",Sometimes we go to parties in the city; I dance in the parties with my friends.,replace,7,8,city,city;,Replace 'city' with 'city;',stylistic,Use semicolons to separate independent clauses when the second clause is a result or explanation of the first.,"[{""end"": 8, ""role"": ""modified"", ""start"": 7, ""text"": ""city""}]","The edit introduces a semicolon after 'city' to separate the two independent clauses in the sentence. While this is not strictly necessary for grammatical correctness, it is considered stylistically acceptable as it improves readability by clearly indicating the relationship between the clauses.",0.9,no,no,no,no,no,yes,no,yes,no,yes,"Codex prelabel from automatic diagnostics: wrong_evidence, edit_copy, unsupported_confidence.",refine
rf-edit-0023::qwen3_8b::natural::evidence_canonicalized,JFLEG,jfleg-dev-0032,gector_roberta_base,Beacuse all those broad knowledge help they to understand their major in university as well as help they to make a correct choice in specializing study .,"Because all this broad knowledge helps them to understand their major at university , as well as helps them to make a correct choice specializing in studies .",replace,23,25,in specializing,specializing in,Replace 'in specializing' with 'specializing in',stylistic,"The preposition 'in' typically follows the verb 'specializing' when indicating the field of study, making 'specializing in' the preferred phrasing.","[{""end"": 25, ""role"": ""source"", ""start"": 23, ""text"": ""in specializing""}]",The phrase 'specializing in' is the standard and more natural construction when referring to a field of study. Reversing the order to 'in specializing' is non-standard and less idiomatic in English.,0.95,no,no,no,no,yes,no,no,yes,no,yes,"Codex prelabel from automatic diagnostics: missing_evidence, edit_copy, unsupported_confidence.",refine
rf-edit-0023::qwen3_8b::rule_grounded::evidence_canonicalized,JFLEG,jfleg-dev-0032,gector_roberta_base,Beacuse all those broad knowledge help they to understand their major in university as well as help they to make a correct choice in specializing study .,"Because all this broad knowledge helps them to understand their major at university , as well as helps them to make a correct choice specializing in studies .",replace,23,25,in specializing,specializing in,Replace 'in specializing' with 'specializing in',stylistic,"The preposition 'in' should typically follow the verb 'specializing' when indicating the field of study, resulting in the phrase 'specializing in'.","[{""end"": 25, ""role"": ""source"", ""start"": 23, ""text"": ""in specializing""}]",The phrase 'specializing in' is the standard and more natural phrasing when referring to a field of study. Reversing the order to 'in specializing' is non-standard and less idiomatic in English.,0.95,no,no,no,no,yes,no,no,yes,no,yes,"Codex prelabel from automatic diagnostics: missing_evidence, edit_copy, unsupported_confidence.",refine
rf-edit-0024::qwen3_8b::natural::evidence_canonicalized,JFLEG,jfleg-dev-0036,gector_roberta_base,Thus in concordance with the above I agree whole heartedly that in twenty years there will be fewer cars in use than there are today .,"Thus , in concordance with the above , I agree whole heartedly that in twenty years there will be fewer cars in use than there are today .",insert,1,1,,",",Insert a comma after 'Thus',stylistic,Use commas to separate introductory phrases from the main clause.,"[{""end"": 26, ""role"": ""source"", ""start"": 0, ""text"": ""Thus in concordance with the above I agree whole heartedly that in twenty years there will be fewer cars in use than there are today .""}]","The insertion of a comma after 'Thus' is a stylistic choice to improve readability by separating the introductory phrase from the main clause. While not strictly required, it is commonly accepted in formal writing to enhance clarity.",0.9,no,no,no,no,yes,no,no,yes,no,yes,"Codex prelabel from automatic diagnostics: missing_evidence, edit_copy, unsupported_confidence.",refine
rf-edit-0024::qwen3_8b::rule_grounded::evidence_canonicalized,JFLEG,jfleg-dev-0036,gector_roberta_base,Thus in concordance with the above I agree whole heartedly that in twenty years there will be fewer cars in use than there are today .,"Thus , in concordance with the above , I agree whole heartedly that in twenty years there will be fewer cars in use than there are today .",insert,1,1,,",",Insert a comma after 'Thus',stylistic,A comma should follow a conjunction when it is used to join two independent clauses.,"[{""end"": 26, ""role"": ""source"", ""start"": 0, ""text"": ""Thus in concordance with the above I agree whole heartedly that in twenty years there will be fewer cars in use than there are today .""}]","The insertion of a comma after 'Thus' is a stylistic choice to improve readability and clarity, though it is not strictly required in this context. The comma helps separate the introductory phrase from the main clause, making the sentence structure more distinct.",0.9,no,no,no,no,yes,no,no,yes,no,yes,"Codex prelabel from automatic diagnostics: missing_evidence, edit_copy, unsupported_confidence.",refine
rf-edit-0052::qwen3_8b::natural::evidence_canonicalized,JFLEG,jfleg-dev-0017,gector_roberta_base,because they spent time unmeaningful subjects .,because they spent time on important subjects .,replace,4,5,unmeaningful,on important,Replace 'unmeaningful' with 'on important',invalid,A preposition must follow a verb when indicating direction or relation.,"[{""end"": 5, ""role"": ""source"", ""start"": 4, ""text"": ""unmeaningful""}]","The original phrase 'spent time unmeaningful subjects' is grammatically incorrect because it lacks a preposition after the verb 'spent'. The replacement 'on important subjects' introduces a preposition ('on') which is necessary for proper syntax, but the edit incorrectly replaces the adjective 'unmeaningful' with the prepositional phrase 'on important', which is structurally invalid. The correct edit would be to add 'on' after 'spent time', not to replace 'unmeaningful' with 'on important'.",0.95,no,no,no,no,yes,no,no,yes,no,yes,"Codex prelabel from automatic diagnostics: missing_evidence, edit_copy, unsupported_confidence.",refine
rf-edit-0058::qwen3_8b::natural::evidence_canonicalized,EXPECT,expect-test-00061,gector_roberta_base,Variety of buses are provided by the government in order to meet people 's financial means .,A variety of buses are provided by the government in order to meet people 's financial means .,replace,0,1,Variety,A variety,Replace 'Variety' with 'A variety',stylistic,Use of definite or indefinite articles for noun phrases,"[{""end"": 1, ""role"": ""source"", ""start"": 0, ""text"": ""Variety""}]","The edit adds the indefinite article 'a' before 'variety', which is stylistically preferred when referring to a general category rather than a specific instance. While the original sentence is grammatically correct without the article, adding 'a' makes the sentence more natural and idiomatic in standard English usage.",0.95,no,no,no,no,yes,no,no,yes,no,yes,"Codex prelabel from automatic diagnostics: missing_evidence, edit_copy, unsupported_confidence.",refine
rf-edit-0068::qwen3_8b::natural::evidence_canonicalized,JFLEG,jfleg-dev-0021,gector_roberta_base,We have to know this problem it 's serious but almost people doens't know about this .,"We should know about this problem . It 's serious , but most people do know about it .",replace,10,11,almost,most,Replace 'almost' with 'most',acceptable_alternative,"Use 'most' to indicate a majority when referring to people or things, especially in formal writing.","[{""end"": 11, ""role"": ""original"", ""start"": 10, ""text"": ""almost""}]","The word 'almost' suggests that very few people know about the issue, which contradicts the following statement that 'most people do know about it.' Replacing 'almost' with 'most' creates consistency in meaning and aligns with the intended message that the problem is serious but widely recognized.",0.9,no,no,no,no,yes,no,no,yes,no,yes,"Codex prelabel from automatic diagnostics: missing_evidence, edit_copy, unsupported_confidence.",refine
rf-edit-0081::qwen3_8b::natural::evidence_canonicalized,EXPECT,expect-test-00054,gector_roberta_base,He has ever been with me .,He has always been with me .,replace,2,3,ever,always,Replace 'ever' with 'always' in the sentence.,valid,"Use 'always' to indicate continuous or ongoing action over time, whereas 'ever' is used to ask about past experiences or occurrences.","[{""end"": 6, ""role"": ""source"", ""start"": 0, ""text"": ""He has ever been with me""}]","The word 'ever' is typically used in questions or negative statements to imply a lack of experience, while 'always' correctly conveys the idea of continuous presence over time. Replacing 'ever' with 'always' makes the sentence grammatically accurate and semantically appropriate.",0.95,no,no,no,no,yes,no,no,yes,no,yes,"Codex prelabel from automatic diagnostics: missing_evidence, edit_copy, unsupported_confidence.",refine
rf-edit-0111::qwen3_8b::natural::evidence_canonicalized,EXPECT,expect-test-00006,gector_roberta_base,I hope my house will win the champion next year .,I hope my house will win the championship next year .,replace,7,8,champion,championship,Replace 'champion' with 'championship',valid,Use the correct noun form when referring to a title or award.,"[{""end"": 8, ""role"": ""error"", ""start"": 7, ""text"": ""champion""}]","The word 'champion' is an adjective or noun form that refers to the winner, while 'championship' is the correct noun form to describe the title or prize being won. Using 'championship' makes the sentence grammatically accurate and semantically precise in the context of winning a title.",0.95,no,no,no,no,yes,no,no,yes,no,yes,"Codex prelabel from automatic diagnostics: missing_evidence, edit_copy, unsupported_confidence.",refine
rf-edit-0111::qwen3_8b::rule_grounded::evidence_canonicalized,EXPECT,expect-test-00006,gector_roberta_base,I hope my house will win the champion next year .,I hope my house will win the championship next year .,replace,7,8,champion,championship,Replace 'champion' with 'championship',acceptable_alternative,use the appropriate noun form when referring to a competition or title,"[{""end"": 8, ""role"": ""error"", ""start"": 7, ""text"": ""champion""}]","the word 'champion' is typically used as an adjective or noun to describe a winner, while 'championship' is the correct noun form to refer to the title or prize being won. replacing 'champion' with 'championship' makes the sentence grammatically more precise and natural in this context.",0.9,no,no,no,no,yes,no,no,yes,no,yes,"Codex prelabel from automatic diagnostics: missing_evidence, edit_copy, unsupported_confidence.",refine
rf-edit-0114::qwen3_8b::natural::evidence_canonicalized,JFLEG,jfleg-dev-0035,gector_roberta_base,"If every people thinks to learn and understand lots of scientifc subjects , any person will do not do it and as a result of this any science is n't imporeved .","If everybody thinks about learning and understanding lots of scientific subjects , people will not do it and , as a result of this , any science will n't improve .",replace,7,8,understand,understanding,Replace 'understand' with 'ing' form 'understanding',stylistic,Use noun forms in parallel structures for consistency and grammatical correctness.,"[{""end"": 8, ""role"": ""source"", ""start"": 7, ""text"": ""understand""}]","The original sentence uses 'think to learn' and 'understand' in parallel, but 'understand' is a verb while 'learn' is a verb as well. To maintain parallelism and grammatical consistency, 'understand' should be converted to its gerund form 'understanding', which functions as a noun and matches the structure of 'learning'.",0.9,no,no,no,no,yes,no,no,yes,no,yes,"Codex prelabel from automatic diagnostics: missing_evidence, edit_copy, unsupported_confidence.",refine
rf-edit-0141::qwen3_8b::rule_grounded::evidence_canonicalized,JFLEG,jfleg-dev-0006,t5_base_grammar,"I want to talk about nocive or bad products like alcohol , hair spray and cigarrets .","I want to talk about harmful or bad products like alcohol, hair spray and cigarettes.",replace,5,6,nocive,harmful,Replace 'nocive' with 'harmful',acceptable_alternative,Use a more commonly understood synonym when the original word is obscure or less frequently used.,"[{""end"": 6, ""role"": ""original"", ""start"": 5, ""text"": ""nocive""}]",The word 'nocive' is relatively obscure and may not be widely understood by all readers. Replacing it with 'harmful' enhances clarity and ensures the intended meaning is conveyed effectively to a broader audience.,0.9,no,no,no,no,yes,no,no,yes,no,yes,"Codex prelabel from automatic diagnostics: missing_evidence, edit_copy, unsupported_confidence.",refine
rf-edit-0225::qwen3_8b::rule_grounded::evidence_canonicalized,JFLEG,jfleg-dev-0037,t5_base_grammar,Third the butt it in hte front of the door of store to make the poeple see it even if it is not good,"Third, they put it in front of the door of the store to make the people see it, even if it is not good.",replace,1,2,the,they,Replace 'the' with 'they' at the beginning of the sentence.,invalid,The subject and verb in a sentence must agree in number (singular/plural).,"[{""end"": 24, ""role"": ""source"", ""start"": 0, ""text"": ""Third the butt it in hte front of the door of store to make the poeple see it even if it is not good""}]","The original sentence begins with 'Third the', which is grammatically incorrect because 'the' is a determiner, not a subject. Replacing 'the' with 'they' introduces a subject ('they') that does not logically match the context of the sentence. The intended meaning is unclear, and the subject 'they' is not established in the sentence, making this replacement invalid.",0.95,no,no,no,no,yes,no,no,yes,no,yes,"Codex prelabel from automatic diagnostics: missing_evidence, edit_copy, unsupported_confidence.",refine
rf-edit-0025::qwen3_8b::natural::evidence_canonicalized,EXPECT,expect-test-00013,gector_roberta_base,Computers have had a most significant impact on the people in the latter 1/2 of the 20th century .,Computers have had the most significant impact on people in the latter 1/2 of the 20th century .,delete,8,9,the,,Remove the article 'the' before 'most significant impact',stylistic,Articles like 'the' may be omitted when the noun phrase is clearly defined or when the context makes the reference unambiguous.,[],The article 'the' is stylistically optional before 'most significant impact' because the phrase is already clearly defined in the context of the sentence. Removing it results in a more concise and natural phrasing.,0.95,yes,no,no,no,yes,no,no,yes,no,yes,"Codex prelabel from automatic diagnostics: alignment_error, missing_evidence, edit_copy, unsupported_confidence.",reject
rf-edit-0025::qwen3_8b::rule_grounded::evidence_canonicalized,EXPECT,expect-test-00013,gector_roberta_base,Computers have had a most significant impact on the people in the latter 1/2 of the 20th century .,Computers have had the most significant impact on people in the latter 1/2 of the 20th century .,delete,8,9,the,,Remove the article 'the' before 'most significant impact'.,stylistic,Articles like 'the' may be omitted when the noun phrase is clearly defined or when the context makes the reference unambiguous.,[],"The article 'the' is stylistically redundant before 'most significant impact' because the phrase is already clearly defined in the context of the sentence, making the article unnecessary for clarity or specificity.",0.95,yes,no,no,no,yes,no,no,yes,no,yes,"Codex prelabel from automatic diagnostics: alignment_error, missing_evidence, edit_copy, unsupported_confidence.",reject
rf-edit-0033::qwen3_8b::rule_grounded::evidence_canonicalized,EXPECT,expect-test-00040,gector_roberta_base,"I think about transport that the government should help the public transport , for example buses , train , the metro and more , for a single reason : the quality of life against the pollution .","I think about transport that the government should help public transport , for example buses , trains , the metro and more , for a single reason : the quality of life against pollution .",delete,34,35,the,,Remove the article 'the' before 'pollution'.,stylistic,Avoid unnecessary articles before nouns that are clearly defined by context.,[],"The article 'the' before 'pollution' is unnecessary because the prepositional phrase 'against pollution' already provides sufficient context, making the article redundant and stylistically optional.",0.9,yes,no,no,no,yes,no,no,yes,no,yes,"Codex prelabel from automatic diagnostics: alignment_error, missing_evidence, edit_copy, unsupported_confidence.",reject
rf-edit-0035::qwen3_8b::natural::evidence_canonicalized,EXPECT,expect-test-00028,gector_roberta_base,A worldwide war is the only case in which we would see a dramatic change in peoples lives in the time length of 50 years from now .,A worldwide war is the only case in which we will see a dramatic change in peoples ' lives in 50 years from now .,insert,17,17,,',"The model inserts ""'"" at source token span [17,17).",uncertain,,[],"{ ""edit_description"": ""Insert an apostrophe after 'peoples'"", ""edit_validity"": ""stylistic"", ""rule_id"": ""punctuation_apostrophe"", ""rule_text"": ""An apostrophe is used to indicate possession or contraction."", ""evidence_spans"": [ { ""text"": ""peoples"", ""start"": 17, ""end"": 23, ""role"": ""target"" } ], ""applicability_conditions"": [ ""the word is a plural noun"", ""the word is being used to refer to people in general"", ""the word is not indicating possession"" ], ""rationale"": ""The word 'peoples' is a plural noun referring to groups of people, and does not require an apostrophe unless it is being used to indicate possession (e.g., 'peoples\' homes'). In this context, the apostrophe is unnecessary and stylistically incorrect."", ""confidence"": 0.95, ""abstain"": false, ""abstain_reason"": """" }",0.25,no,no,no,no,yes,no,no,yes,no,no,"Codex prelabel from automatic diagnostics: missing_evidence, edit_copy.",refine
rf-edit-0217::qwen3_8b::natural::evidence_canonicalized,EXPECT,expect-test-00016,t5_base_grammar,In the end I think if many people want the Monarchy to be ablished a general election should be called and then see if the Monarchy should be abolished .,"In the end, I think if many people want the monarchy to be established, a general election should be called and then see if the monarchy should be abolished.",replace,13,14,ablished,"established,",Replace 'ablished' with 'established',valid,Correct spelling of words with common misspellings.,"[{""end"": 14, ""role"": ""error"", ""start"": 13, ""text"": ""ablished""}, {""end"": 14, ""role"": ""correction"", ""start"": 13, ""text"": ""ablished""}]",The word 'ablished' is a common misspelling of 'established'. Correcting it ensures clarity and proper communication of the intended meaning.,0.95,yes,yes,yes,yes,no,yes,no,no,yes,yes,"Codex prelabel from automatic diagnostics: alignment_error, validity_error, wrong_rule, inapplicable_rule, wrong_evidence, ...",reject
rf-edit-0242::qwen3_8b::rule_grounded::evidence_canonicalized,EXPECT,expect-test-00017,coedit_large,"Sometimes we go to partyies in the city , I dance in the parties with my friends .",Sometimes we go to parties in the city; I dance in the parties with my friends.,replace,4,5,partyies,parties,Correcting the spelling of 'partyies' to 'parties',valid,Correct misspelled words to their standard form.,"[{""end"": 5, ""role"": ""error"", ""start"": 4, ""text"": ""partyies""}, {""end"": 14, ""role"": ""corrected"", ""start"": 13, ""text"": ""parties""}]","The word 'partyies' contains an incorrect double 'i', which is a common spelling mistake. The correct spelling is 'parties', which is a standard English word referring to social gatherings. This correction aligns the text with proper spelling conventions.",1.0,yes,yes,yes,yes,no,yes,no,no,yes,yes,"Codex prelabel from automatic diagnostics: alignment_error, validity_error, wrong_rule, inapplicable_rule, wrong_evidence, ...",reject
rf-edit-0125::qwen3_8b::rule_grounded::evidence_canonicalized,EXPECT,expect-test-00001,t5_base_grammar,"Technology has chanched people 's lives a lot . In fact we can think how different is our life compared either to our parents ' or our grandparents ' lives . For example my parents did n't watch tv , because there was n't any tv in the world when they were young.but that is n't the only difference : we can think about the mobile phone , the computer ed finally the internet.our grandparents could n't have imagined a strange machine like the computer in their lives .","Technology has changed people's lives a lot. In fact, we can think about how different our lives are compared to our parents' or grandparents' lives. For example, my parents didn't watch tv because there wasn't any tv in the world when they were young.but that isn't the only difference : we can think about the mobile phone , the computer and finally the internet.our grandparents could n't have imagined a strange machine like the computer in their lives.",delete,20,21,either,,Remove the word 'either' from the sentence.,stylistic,"When comparing two items in a list, the conjunction 'either' is often redundant if the list is already clear without it.","[{""end"": 25, ""role"": ""target"", ""start"": 20, ""text"": ""either to our parents '""}]",The word 'either' is redundant in this context because the sentence already uses 'or' to introduce the two options. Removing 'either' makes the sentence more concise and natural.,0.95,yes,no,no,no,yes,yes,no,yes,no,yes,"Codex prelabel from automatic diagnostics: alignment_error, missing_evidence, wrong_evidence, edit_copy, unsupported_confidence.",reject
rf-edit-0129::qwen3_8b::natural::evidence_canonicalized,JFLEG,jfleg-dev-0032,t5_base_grammar,Beacuse all those broad knowledge help they to understand their major in university as well as help they to make a correct choice in specializing study .,Because all those broad knowledge help them to understand their major in university as well as help them to make a correct choice in specializing study.,replace,0,1,Beacuse,Because,Correcting the spelling of 'Beacuse' to 'Because',valid,Ensure correct spelling of words.,"[{""end"": 1, ""role"": ""error"", ""start"": 0, ""text"": ""Beacuse""}]",The word 'Beacuse' is a misspelling of 'Because'. Correcting this spelling error ensures clarity and proper communication.,1.0,yes,yes,yes,yes,no,no,no,no,yes,yes,"Codex prelabel from automatic diagnostics: alignment_error, validity_error, wrong_rule, inapplicable_rule, semantic_distortion, ...",reject
rf-edit-0129::qwen3_8b::rule_grounded::evidence_canonicalized,JFLEG,jfleg-dev-0032,t5_base_grammar,Beacuse all those broad knowledge help they to understand their major in university as well as help they to make a correct choice in specializing study .,Because all those broad knowledge help them to understand their major in university as well as help them to make a correct choice in specializing study.,replace,0,1,Beacuse,Because,Correcting the spelling of 'Beacuse' to 'Because',valid,Ensure correct spelling of words.,"[{""end"": 1, ""role"": ""error"", ""start"": 0, ""text"": ""Beacuse""}]",The word 'Beacuse' is a clear spelling error of the correct word 'Because'. Correcting this spelling error improves the clarity and correctness of the sentence.,1.0,yes,yes,yes,yes,no,no,no,no,yes,yes,"Codex prelabel from automatic diagnostics: alignment_error, validity_error, wrong_rule, inapplicable_rule, semantic_distortion, ...",reject
rf-edit-0147::qwen3_8b::rule_grounded::evidence_canonicalized,JFLEG,jfleg-dev-0028,t5_base_grammar,Specializing in one particular subject does not suit our life in this era which is characterized by diversity and innovation,"Specializing in one particular subject does not suit our life in this era, which is characterized by diversity and innovation.",replace,12,13,era,"era,",Adding a comma after 'era' to separate the main clause from the relative clause.,valid,A comma should be used after introductory clauses or phrases that are not essential to the meaning of the sentence.,"[{""end"": 20, ""role"": ""relative_clause"", ""start"": 13, ""text"": ""which is characterized by diversity and innovation""}]","The phrase 'which is characterized by diversity and innovation' is a non-restrictive relative clause that adds additional context to the main clause. A comma is required after 'era' to properly separate the main clause from this relative clause, ensuring clarity and proper punctuation.",0.95,yes,yes,yes,yes,no,no,no,no,yes,yes,"Codex prelabel from automatic diagnostics: alignment_error, validity_error, wrong_rule, inapplicable_rule, semantic_distortion, ...",reject
rf-edit-0217::qwen3_8b::rule_grounded::evidence_canonicalized,EXPECT,expect-test-00016,t5_base_grammar,In the end I think if many people want the Monarchy to be ablished a general election should be called and then see if the Monarchy should be abolished .,"In the end, I think if many people want the monarchy to be established, a general election should be called and then see if the monarchy should be abolished.",replace,13,14,ablished,"established,",Replace 'ablished' with 'established',valid,Correct spelling of words with common misspellings.,"[{""end"": 14, ""role"": ""error"", ""start"": 13, ""text"": ""ablished""}, {""end"": 14, ""role"": ""correct"", ""start"": 13, ""text"": ""ablished""}]",The word 'ablished' is a common misspelling of 'established'. Correcting it to 'established' ensures proper spelling and clarity in the sentence.,0.95,yes,yes,yes,yes,no,no,no,no,yes,yes,"Codex prelabel from automatic diagnostics: alignment_error, validity_error, wrong_rule, inapplicable_rule, semantic_distortion, ...",reject
rf-edit-0242::qwen3_8b::natural::evidence_canonicalized,EXPECT,expect-test-00017,coedit_large,"Sometimes we go to partyies in the city , I dance in the parties with my friends .",Sometimes we go to parties in the city; I dance in the parties with my friends.,replace,4,5,partyies,parties,Correcting the spelling of 'partyies' to 'parties',valid,Ensure correct spelling of words.,"[{""end"": 5, ""role"": ""error"", ""start"": 4, ""text"": ""partyies""}, {""end"": 14, ""role"": ""correct"", ""start"": 13, ""text"": ""parties""}]","The word 'partyies' contains an incorrect double 'i', which is not part of the standard spelling of the word 'parties'. Correcting this spelling error ensures clarity and proper communication.",1.0,yes,yes,yes,yes,no,no,no,no,yes,yes,"Codex prelabel from automatic diagnostics: alignment_error, validity_error, wrong_rule, inapplicable_rule, semantic_distortion, ...",reject
rf-edit-0291::qwen3_8b::natural::evidence_canonicalized,EXPECT,expect-test-00008,coedit_large,"I 'd like to tell you about my favorite restaurant its name is "" Lemon "" I go there every week it has different food to other restaurants I 'd like chicken crispy with garlic sauce It 's an Excellent choice for me and My favorite appitizer is susage and in order that dessert I 'd like "" Vadge "" cake with chocolate sauce I feel at ease when I go there I enjoy classical music while having lunch about the service It 's very good and all the staff are respectable I ca n't imagine one week without going there that would drive me nuts I advise everyone to go there and enjoy their time there , also this restaurant has a relative advantage in hygiene really It 's excellent The striking thing for anyone despite all of these advantages the prices are not expensive .","I 'd like to tell you about my favorite restaurant. It 's called "" Lemon "". I go there every week. It has different food than other restaurants. I 'd like chicken crispy with garlic sauce. It 's an excellent choice for me, and my favorite appitizer is sausage, and in order for dessert, I 'd like "" Vadge "" cake with chocolate sauce. I feel at ease when I go there. I enjoy classical music while having lunch, and the service is very good and all the staff are respectable. I can n't imagine one week without",replace,48,49,susage,"sausage,",Correcting the spelling of 'susage' to 'sausage',valid,Ensure correct spelling of words.,"[{""end"": 49, ""role"": ""error"", ""start"": 48, ""text"": ""susage""}, {""end"": 52, ""role"": ""correct"", ""start"": 48, ""text"": ""susage and in order""}]","The word 'susage' is misspelled. The correct spelling is 'sausage', which refers to a type of food. Correcting the spelling ensures clarity and proper communication.",1.0,yes,yes,yes,yes,no,no,no,no,yes,yes,"Codex prelabel from automatic diagnostics: alignment_error, validity_error, wrong_rule, inapplicable_rule, semantic_distortion, ...",reject
rf-edit-0291::qwen3_8b::rule_grounded::evidence_canonicalized,EXPECT,expect-test-00008,coedit_large,"I 'd like to tell you about my favorite restaurant its name is "" Lemon "" I go there every week it has different food to other restaurants I 'd like chicken crispy with garlic sauce It 's an Excellent choice for me and My favorite appitizer is susage and in order that dessert I 'd like "" Vadge "" cake with chocolate sauce I feel at ease when I go there I enjoy classical music while having lunch about the service It 's very good and all the staff are respectable I ca n't imagine one week without going there that would drive me nuts I advise everyone to go there and enjoy their time there , also this restaurant has a relative advantage in hygiene really It 's excellent The striking thing for anyone despite all of these advantages the prices are not expensive .","I 'd like to tell you about my favorite restaurant. It 's called "" Lemon "". I go there every week. It has different food than other restaurants. I 'd like chicken crispy with garlic sauce. It 's an excellent choice for me, and my favorite appitizer is sausage, and in order for dessert, I 'd like "" Vadge "" cake with chocolate sauce. I feel at ease when I go there. I enjoy classical music while having lunch, and the service is very good and all the staff are respectable. I can n't imagine one week without",replace,48,49,susage,"sausage,",Correcting the spelling of 'susage' to 'sausage',valid,Ensure correct spelling of words.,"[{""end"": 49, ""role"": ""error"", ""start"": 48, ""text"": ""susage""}, {""end"": 52, ""role"": ""correct"", ""start"": 48, ""text"": ""susage and in order""}]","The word 'susage' is misspelled. The correct spelling is 'sausage', which refers to a type of food. Correcting the spelling ensures clarity and proper communication.",1.0,yes,yes,yes,yes,no,no,no,no,yes,yes,"Codex prelabel from automatic diagnostics: alignment_error, validity_error, wrong_rule, inapplicable_rule, semantic_distortion, ...",reject
rf-edit-0009::qwen3_8b::natural::evidence_canonicalized,JFLEG,jfleg-dev-0026,gector_roberta_base,So the school try learning the students a bit in every science exist .,So the school tries teaching the students a bit of every science that exists .,replace,3,4,try,tries,Change 'try' to 'tries' to match subject-verb agreement,valid,The verb must agree with the subject in number (singular/plural).,"[{""end"": 3, ""role"": ""subject"", ""start"": 2, ""text"": ""school""}, {""end"": 4, ""role"": ""verb"", ""start"": 3, ""text"": ""try""}]","The subject 'school' is singular, so the verb should be 'tries' instead of 'try' to maintain subject-verb agreement.",1.0,yes,no,no,no,no,no,no,yes,no,yes,"Codex prelabel from automatic diagnostics: alignment_error, edit_copy, unsupported_confidence.",reject
rf-edit-0009::qwen3_8b::rule_grounded::evidence_canonicalized,JFLEG,jfleg-dev-0026,gector_roberta_base,So the school try learning the students a bit in every science exist .,So the school tries teaching the students a bit of every science that exists .,replace,3,4,try,tries,Change 'try' to 'tries' to match subject-verb agreement,valid,the verb must agree with its subject in number,"[{""end"": 3, ""role"": ""subject"", ""start"": 2, ""text"": ""school""}, {""end"": 4, ""role"": ""verb"", ""start"": 3, ""text"": ""try""}]","The subject 'school' is singular, so the verb should be in third person singular form. 'Tries' agrees with 'school' in number and tense, making it grammatically correct.",1.0,yes,no,no,no,no,no,no,yes,no,yes,"Codex prelabel from automatic diagnostics: alignment_error, edit_copy, unsupported_confidence.",reject
rf-edit-0039::qwen3_8b::natural::evidence_canonicalized,EXPECT,expect-test-00037,gector_roberta_base,I took the sun a very long time and then I went to a cafe and and I drank a drink .,I took the sun for a very long time and then I went to a cafe and drank a drink .,delete,15,16,and,,Remove the redundant 'and' before 'drank a drink',stylistic,Avoid using redundant conjunctions when the preceding clause already contains a conjunction or when the structure is clear without it.,"[{""end"": 16, ""role"": ""redundant_conjunction"", ""start"": 15, ""text"": ""and""}]","The word 'and' before 'drank a drink' is redundant because the previous clause ends with 'cafe', and the sequence of actions is already clear without the conjunction. Removing it improves the flow and conciseness of the sentence.",0.95,yes,no,no,no,yes,no,no,yes,no,yes,"Codex prelabel from automatic diagnostics: alignment_error, missing_evidence, edit_copy, unsupported_confidence.",reject
rf-edit-0039::qwen3_8b::rule_grounded::evidence_canonicalized,EXPECT,expect-test-00037,gector_roberta_base,I took the sun a very long time and then I went to a cafe and and I drank a drink .,I took the sun for a very long time and then I went to a cafe and drank a drink .,delete,15,16,and,,Remove the redundant 'and' before 'drank a drink',stylistic,Avoid using redundant conjunctions when the preceding clause already contains a conjunction or when the structure is clear without it.,"[{""end"": 16, ""role"": ""redundant_conjunction"", ""start"": 15, ""text"": ""and""}]","The word 'and' before 'drank a drink' is redundant because the previous clause ends with 'cafe', and the sequence of actions is already clear without it. Removing it improves the flow and conciseness of the sentence.",0.95,yes,no,no,no,yes,no,no,yes,no,yes,"Codex prelabel from automatic diagnostics: alignment_error, missing_evidence, edit_copy, unsupported_confidence.",reject
